"scenario","estimand","replicates","included","excluded_rate","mean_rank_fraction","max_ecdf_deviation","dkw_99_bound","chisq_p","coverage_50","coverage_80","coverage_90","coverage_50_low","coverage_50_high","coverage_80_low","coverage_80_high","coverage_90_low","coverage_90_high","chisq_p_adjusted","calibrated"
"ratio","mean_log_sigma0_2",250,244,0.024,0.509627570418217,0.0567740484853441,0.104197925691139,0.488629939749194,0.454918032786885,0.799180327868853,0.901639344262295,0.418032786885246,0.581967213114754,0.733606557377049,0.864754098360656,0.848360655737705,0.94672131147541,0.830653828642967,TRUE
"shared","mean_log_sigma0_2",250,246,0.016,0.492934330839568,0.0404071123005494,0.103773492457786,0.829319257737173,0.475609756097561,0.776422764227642,0.869918699186992,0.41869918699187,0.58130081300813,0.731707317073171,0.861788617886179,0.849593495934959,0.947154471544715,0.886872985727992,TRUE
"ratio","mean_log_sigma1_2",250,238,0.048,0.491334688488862,0.0429493493157862,0.105503169797337,0.537537176472673,0.478991596638655,0.735294117647059,0.869747899159664,0.415966386554622,0.584033613445378,0.73109243697479,0.865546218487395,0.848739495798319,0.945378151260504,0.830653828642967,TRUE
"ratio","mean_log_var_ratio",250,246,0.016,0.48393244530949,0.0501490176996533,0.103773492457786,0.577246007429654,0.467479674796748,0.768292682926829,0.869918699186992,0.41869918699187,0.58130081300813,0.731707317073171,0.861788617886179,0.849593495934959,0.947154471544715,0.830653828642967,TRUE
"homoscedastic","mean_mu",250,250,0,0.524199501246883,0.0573266832917706,0.10293995693168,0.844640938788563,0.464,0.792,0.88,0.42,0.58,0.732,0.864,0.848,0.944,0.886872985727992,TRUE
"ratio","mean_mu",250,249,0.004,0.501612434776513,0.0410569960640567,0.103146456551316,0.262195698816368,0.469879518072289,0.755020080321285,0.8714859437751,0.417670682730924,0.582329317269076,0.730923694779116,0.863453815261044,0.847389558232932,0.943775100401606,0.696331604060892,TRUE
"shared","mean_mu",250,249,0.004,0.466068763833388,0.0905917936083486,0.103146456551316,0.226999300144027,0.546184738955823,0.811244979919679,0.911646586345382,0.417670682730924,0.582329317269076,0.730923694779116,0.863453815261044,0.847389558232932,0.943775100401606,0.696331604060892,TRUE
"homoscedastic","mean_tau",250,250,0,0.505516209476309,0.0486882793017457,0.10293995693168,0.682823306469474,0.46,0.796,0.884,0.42,0.58,0.732,0.864,0.848,0.944,0.886872985727992,TRUE
"ratio","mean_tau",250,249,0.004,0.524436899718575,0.0630602209336097,0.103146456551316,0.818640165469628,0.534136546184739,0.791164658634538,0.891566265060241,0.417670682730924,0.582329317269076,0.730923694779116,0.863453815261044,0.847389558232932,0.943775100401606,0.886872985727992,TRUE
"shared","mean_tau",250,250,0,0.519461346633416,0.0628728179551122,0.10293995693168,0.103752912574832,0.528,0.876,0.936,0.42,0.58,0.732,0.864,0.848,0.944,0.696331604060892,FALSE
"ratio","point_log_sigma0_2",250,243,0.028,0.496305532465133,0.0415473661525199,0.104412104592762,0.241321896724197,0.510288065843621,0.806584362139918,0.88477366255144,0.415637860082305,0.584362139917695,0.732510288065844,0.864197530864197,0.847736625514403,0.946502057613169,0.696331604060892,TRUE
"shared","point_log_sigma0_2",250,243,0.028,0.506547417464569,0.0568178319633016,0.104412104592762,0.535390845386967,0.559670781893004,0.823045267489712,0.880658436213992,0.415637860082305,0.584362139917695,0.732510288065844,0.864197530864197,0.847736625514403,0.946502057613169,0.830653828642967,TRUE
"ratio","point_log_sigma1_2",250,241,0.036,0.503818255191896,0.0408780952183856,0.104844454701405,0.248861970324212,0.493775933609959,0.742738589211618,0.854771784232365,0.419087136929461,0.580912863070539,0.730290456431535,0.863070539419087,0.846473029045643,0.946058091286307,0.696331604060892,TRUE
"ratio","point_log_var_ratio",250,246,0.016,0.503923119031689,0.0645033757070738,0.103773492457786,0.265269182499388,0.410569105691057,0.74390243902439,0.857723577235772,0.41869918699187,0.58130081300813,0.731707317073171,0.861788617886179,0.849593495934959,0.947154471544715,0.696331604060892,FALSE
"homoscedastic","point_mu",250,233,0.068,0.500267571414811,0.041725086425567,0.106629169351265,0.738628962721278,0.515021459227468,0.824034334763948,0.918454935622318,0.416309012875536,0.583690987124464,0.729613733905579,0.866952789699571,0.84549356223176,0.948497854077253,0.886872985727992,FALSE
"ratio","point_mu",250,220,0.12,0.489299478576287,0.0755384266606212,0.109734362797249,0.489065422163458,0.504545454545455,0.813636363636364,0.909090909090909,0.413636363636364,0.586363636363636,0.727272727272727,0.868181818181818,0.845454545454545,0.95,0.830653828642967,FALSE
"shared","point_mu",250,241,0.036,0.469557434215292,0.0749837025693029,0.104844454701405,0.392636006828522,0.473029045643154,0.775933609958506,0.887966804979253,0.419087136929461,0.580912863070539,0.730290456431535,0.863070539419087,0.846473029045643,0.946058091286307,0.830653828642967,TRUE
"homoscedastic","point_tau",250,250,0,0.50057855361596,0.0295561097256858,0.10293995693168,0.894918067697108,0.504,0.808,0.892,0.42,0.58,0.732,0.864,0.848,0.944,0.894918067697108,TRUE
"ratio","point_tau",250,247,0.012,0.520061183074702,0.0709107797308348,0.103563211608564,0.263695929485801,0.534412955465587,0.825910931174089,0.927125506072874,0.417004048582996,0.582995951417004,0.732793522267207,0.862348178137652,0.846153846153846,0.947368421052632,0.696331604060892,TRUE
"shared","point_tau",250,250,0,0.539042394014963,0.0867431421446384,0.10293995693168,0.195864450895141,0.508,0.796,0.916,0.42,0.58,0.732,0.864,0.848,0.944,0.696331604060892,TRUE
"homoscedastic","sigma2",250,242,0.032,0.481853218194184,0.0641165680839224,0.10462760968188,0.593324163316405,0.504132231404959,0.826446280991736,0.929752066115702,0.417355371900826,0.582644628099174,0.731404958677686,0.863636363636364,0.847107438016529,0.946280991735537,0.830653828642967,TRUE
